Colargol, the Conqueror of Space
Jack Frost
Nutcracker Fantasy
Ubu et la Grande Gidouille
Rudolph and Frosty's Christmas in July
Colargol and the Magic Suitcase
I Go Pogo
Pinocchio's Christmas
The Tale Of John and Marie
Rennyo and His Mother
Adventures of Robinson Crusoe, a Sailor from York
Henry The Horse
The Flying Windmill
Our House
Chronopolis
The Adventures of Sam the Squirrel
The Wind in the Willows
Cristóbal Colón
The Little Witch
Twice Upon a Time
Saving Mother
The Adventures of Mark Twain
The Life & Adventures of Santa Claus
Odyssea
Fool's Paradise
The Pied Piper of Hamelin
Sophie's Place
Long live Servatius!
The Amazing Mr. Bickford
My Favourite Time
The Puppetoon Movie
The Boys Of Summer Movie
The Cat Who Walked by Herself
Santa Claus: The Baker Street
A Tale of Two Toads
The Trace Leads to the Silver Lake
The Fool of the World and the Flying Ship
The School of Fine Arts
The School of Fine Arts: The Return
Mitki-Mayer
The Nightmare Before Christmas
The Return of Captain Sinbad
The Secret Adventures of Tom Thumb
Gumby: The Movie
James and the Giant Peach
Kings and Cabbage
Jue jiang de Kailaban
Mamo, czy kury potrafią mówić?
Reise um die Erde in 80 Tagen
The Magic Pipe
The Miracle Maker
Chicken Run
Prop and Berta
Optimus Mundus
Tootletubs & Jyro
Bob the Builder: A Christmas to Remember
Fimfárum Jana Wericha
Winter Days
The Legend of the Sky Kingdom
Bob the Builder: The Knights of Can-A-Lot
Davey and Goliath's Snowboard Christmas
Bob the Builder: Snowed Under
Bob the Builder: When Bob Became a Builder
Disaster!
Klay World: Off the Table
Among the Thorns
The Book of the Dead
Corpse Bride
Wallace & Gromit: The Curse of the Were-Rabbit
The Three Musketeers
Bob the Builder: Bob's Big Plan
Live Freaky! Die Freaky!
Blood Tea and Red String
Fimfárum 2
Holidaze: The Christmas That Almost Didn't Happen
Desmond & the Swamp Barbarian Trap
Bob the Builder: Built to be Wild
Saving Mother
We Are the Strange
One Night in One City
Max & Co
Tengers
Davie & Golimyr
$9.99
Moomin and Midsummer Madness
Edison and Leo
A Miser Brothers' Christmas
Bob the Builder: Race to the Finish
Coraline
Mary and Max
A Town Called Panic
Fantastic Mr. Fox
Toys in the Attic
Sky Song
The Ugly Duckling
Jackboots on Whitehall
Cheburashka
Moomins and the Comet Chase
The Puppet Monster Massacre
The Sandman and the Lost Sand of Dreams
Fimfarum: The Third Time Lucky
Spot and Splodge on the Spot
The Pirates! In an Adventure with Scientists!
ParaNorman
O Apóstolo
Consuming Spirits
Frankenweenie
7 Sea Pirates
Miffy the Movie
Lisa Limone and Maroc Orange: A Rapid Love Story
Louis & Luca and the Snow Machine
Worms
Spot and Spldogde Plottspotting
The Boxtrolls
Possessed
Shaun the Sheep Movie
El Bandido Cucaracha
Little from the Fish Shop
Acid Space
Hell and Back
Louis & Luca - The Big Cheese Race
Anomalisa
Kuru Kuru and Friends: The Rainbow Tree Forest
Les espiègles
Pat a Mat ve filmu
Finding Santa
Murderous Tales
Kubo and the Two Strings
My Life as a Courgette
In the Forest of Huckybucky
Moomins and the Winter Wonderland
Junk Head
Laika
The Tower
Pat & Mat Back in Action
Early Man
Chuck Steel: Night of the Trampires
This Magnificent Cake!
Isle of Dogs
Pat & Mat: Winter Fun
Strike
Captain Morten and the Spider Queen
Gofmaniada
The Wolf House
Louis & Luca - Mission to the Moon
Urpo ja Turpo johtolangan jäljillä
Missing Link
Pat & Mat: DIY Troubles
The old man
A Shaun the Sheep Movie: Farmageddon
A Colourful Dream
The Nose or the Conspiracy of Mavericks
L'équipe de secours, en route pour l'aventure!
Alien Xmas
Mad God
Bob Spit: We Do Not Like People
Even Mice Belong in Heaven
Adventures of a young Moomin
The House
Knor
Wendell & Wild
Pinocchio
No Dogs or Italians Allowed
The Inventor
Chicken Run: Dawn of the Nugget
Tony, Shelly and the Magic Light
